{
  "posts": [
    {
      "id": 1,
      "title": "Добро пожаловать в Блог",
      "body": "Lorem ipsum dolor sit amet consectetur adipisicing elit. Blanditiis molestias non asperiores corporis necessitatibus repudiandae delectus optio, consequatur ad, illo praesentium corrupti minus nisi, facilis nesciunt architecto ut aliquid omnis rerum adipisci natus esse. Error beatae dolorem sunt reiciendis suscipit, ea sit! Odio nam libero aperiam consequuntur officiis, commodi quibusdam!",
      "tags": [
        "Me",
        "Blog"
      ]
    },
    {
      "id": 2,
      "title": "5 CSS свойств которые спасут вам жизнь!!!",
      "body": "Lorem ipsum dolor sit amet consectetur adipisicing elit. Blanditiis molestias non asperiores corporis necessitatibus repudiandae delectus optio, consequatur ad, illo praesentium corrupti minus nisi, facilis nesciunt architecto ut aliquid omnis rerum adipisci natus esse. Error beatae dolorem sunt reiciendis suscipit, ea sit! Odio nam libero aperiam consequuntur officiis, commodi quibusdam!",
      "tags": [
        "CSS",
        "JS"
      ]
    },
    {
      "id": 3,
      "title": "Невероятная история успеха Бекжана...",
      "body": "Далеко-далеко за словесными горами в стране гласных и согласных живут рыбные тексты. Пустился сбить океана взобравшись живет гор образ бросил великий однажды текстов, парадигматическая назад, большого запятой ipsum! За мир путь рыбного переулка ему заглавных буквоград оксмокс, осталось свой даже маленький вдали первую сих пунктуация послушавшись коварных проектах, рукописи ведущими безорфографичный если?",
      "tags": [
        "You",
        "We"
      ]
    },
    {
      "title": "Сонный паралич",
      "body": "Со́нный парали́ч (сонный сту́пор) или катаплексия пробуждения — состояние полного или частичного паралича мышц, возникающее во время засыпания или реже во время пробуждения[2]. В данном состоянии человек обездвижен, не может говорить и не способен открыть глаза[3], однако способен контролировать движения глазами[4]. Длится эпизод сонного паралича секунды или минуты, а прервать его могут прикосновения к испытывающему или звуки. Может возникать как у здоровых людей, так и при нарколепсии, каталепсии или гипнагогии[2]. Сонный паралич считается изолированным, если он не связан с какими-либо другими нарушениями или состояниями[4].\n\nСонный паралич является одной из самых распространённых форм связанной с фазой быстрого сна парасомнии, обнаруживаемой у пациентов неврологами[5], и возникает, когда атония мышц фазы быстрого сна распространяется на период пробуждения или засыпания[6]. У большинства испытывающих данное состояние людей на сонный паралич накладываются сновидения, являясь при этом яркими и часто неприятными[6]. Это происходит потому, что человек находится всё ещё в состоянии сна, но мозг оказывается активным[3]. Состояние обычно является пугающим, а сочетание бодрствования со сновидениями по сути является галлюцинациями[7]. Однако, несмотря на то, что сонный паралич может пугать, он считается безвредным[3].\n\nДиагностируется на основе жалоб пациента или анкетированием[8]. Большинство людей не испытывает клинически значимых беспокойств из-за сонного паралича, в случае же наличия таковых немногие обращаются за лечением[9]. По состоянию на 2016 год фармакологические и психотерапевтические методы лечения являлись многообещающими[7], однако не было ни одного рандомизированного исследования[9], поэтому для поддержки терапий требуются большие контролируемые исследования[7].",
      "tags": [],
      "id": 4
    },
    {
      "title": "Сонный паралич",
      "body": "Со́нный парали́ч (сонный сту́пор) или катаплексия пробуждения — состояние полного или частичного паралича мышц, возникающее во время засыпания или реже во время пробуждения[2]. В данном состоянии человек обездвижен, не может говорить и не способен открыть глаза[3], однако способен контролировать движения глазами[4]. Длится эпизод сонного паралича секунды или минуты, а прервать его могут прикосновения к испытывающему или звуки. Может возникать как у здоровых людей, так и при нарколепсии, каталепсии или гипнагогии[2]. Сонный паралич считается изолированным, если он не связан с какими-либо другими нарушениями или состояниями[4].\n\nСонный паралич является одной из самых распространённых форм связанной с фазой быстрого сна парасомнии, обнаруживаемой у пациентов неврологами[5], и возникает, когда атония мышц фазы быстрого сна распространяется на период пробуждения или засыпания[6]. У большинства испытывающих данное состояние людей на сонный паралич накладываются сновидения, являясь при этом яркими и часто неприятными[6]. Это происходит потому, что человек находится всё ещё в состоянии сна, но мозг оказывается активным[3]. Состояние обычно является пугающим, а сочетание бодрствования со сновидениями по сути является галлюцинациями[7]. Однако, несмотря на то, что сонный паралич может пугать, он считается безвредным[3].\n\nДиагностируется на основе жалоб пациента или анкетированием[8]. Большинство людей не испытывает клинически значимых беспокойств из-за сонного паралича, в случае же наличия таковых немногие обращаются за лечением[9]. По состоянию на 2016 год фармакологические и психотерапевтические методы лечения являлись многообещающими[7], однако не было ни одного рандомизированного исследования[9], поэтому для поддержки терапий требуются большие контролируемые исследования[7].",
      "tags": [],
      "id": 5
    },
    {
      "title": "сонные параличи",
      "body": "Со́нный парали́ч (сонный сту́пор) или катаплексия пробуждения — состояние полного или частичного паралича мышц, возникающее во время засыпания или реже во время пробуждения[2]. В данном состоянии человек обездвижен, не может говорить и не способен открыть глаза[3], однако способен контролировать движения глазами[4]. Длится эпизод сонного паралича секунды или минуты, а прервать его могут прикосновения к испытывающему или звуки. Может возникать как у здоровых людей, так и при нарколепсии, каталепсии или гипнагогии[2]. Сонный паралич считается изолированным, если он не связан с какими-либо другими нарушениями или состояниями[4].\n\nСонный паралич является одной из самых распространённых форм связанной с фазой быстрого сна парасомнии, обнаруживаемой у пациентов неврологами[5], и возникает, когда атония мышц фазы быстрого сна распространяется на период пробуждения или засыпания[6]. У большинства испытывающих данное состояние людей на сонный паралич накладываются сновидения, являясь при этом яркими и часто неприятными[6]. Это происходит потому, что человек находится всё ещё в состоянии сна, но мозг оказывается активным[3]. Состояние обычно является пугающим, а сочетание бодрствования со сновидениями по сути является галлюцинациями[7]. Однако, несмотря на то, что сонный паралич может пугать, он считается безвредным[3].\n\nДиагностируется на основе жалоб пациента или анкетированием[8]. Большинство людей не испытывает клинически значимых беспокойств из-за сонного паралича, в случае же наличия таковых немногие обращаются за лечением[9]. По состоянию на 2016 год фармакологические и психотерапевтические методы лечения являлись многообещающими[7], однако не было ни одного рандомизированного исследования[9], поэтому для поддержки терапий требуются большие контролируемые исследования[7].",
      "tags": [],
      "id": 6
    },
    {
      "title": "Кошмары",
      "body": "Почему снятся кошмарные сны? Какую биологическую функцию они выполняют? Швейцарские и американские ученые в ходе исследования нашли ответ на этот вопрос: это своего рода тренировка нервной системы, которая помогают человеку справляться с негативными эмоциями в повседневной жизни.\n\nВ статье, опубликованной в журнале Human Brain Mapping, ученые из Женевского университета (Швейцария) и их коллеги из Висконсинского университета (США) пишут, что \"эмоции, испытываемые во сне, способствуют разрешению эмоционального стресса и подготовке к будущим аффективным реакциям\".",
      "tags": [
        "сон",
        "сны",
        "кошма",
        "р"
      ],
      "id": 7
    }
  ]
}